Classification,Year,Period,Period Desc.,Aggregate Level,Is Leaf Code,Trade Flow Code,Trade Flow,Reporter Code,Reporter,Reporter ISO,Partner Code,Partner,Partner ISO,2nd Partner Code,2nd Partner,2nd Partner ISO,Customs Proc. Code,Customs,Mode of Transport Code,Mode of Transport,Commodity Code,Commodity,Qty Unit Code,Qty Unit,Qty,Alt Qty Unit Code,Alt Qty Unit,Alt Qty,Netweight (kg),Gross weight (kg),Trade Value (US$),CIF Trade Value (US$),FOB Trade Value (US$),Flag
H5,2019,2019,2019,0,0,2,Export,51,Armenia,ARM,0,World,WLD,,,,,,,,TOTAL,All Commodities,1,No Quantity,0,,,,0,,2620069449,,,4
H5,2019,2019,2019,0,0,2,Export,51,Armenia,ARM,31,Azerbaijan,AZE,,,,,,,,TOTAL,All Commodities,1,No Quantity,0,,,,0,,3037922,,,0
H5,2019,2019,2019,0,0,2,Export,51,Armenia,ARM,36,Australia,AUS,,,,,,,,TOTAL,All Commodities,1,No Quantity,0,,,,0,,88226,,,0
H5,2019,2019,2019,0,0,2,Export,51,Armenia,ARM,40,Austria,AUT,,,,,,,,TOTAL,All Commodities,1,No Quantity,0,,,,0,,3482024,,,0
H5,2019,2019,2019,0,0,2,Export,51,Armenia,ARM,48,Bahrain,BHR,,,,,,,,TOTAL,All Commodities,1,No Quantity,0,,,,0,,72873,,,0
H5,2019,2019,2019,0,0,2,Export,51,Armenia,ARM,56,Belgium,BEL,,,,,,,,TOTAL,All Commodities,1,No Quantity,0,,,,0,,44436194,,,4
H5,2019,2019,2019,0,0,2,Export,51,Armenia,ARM,84,Belize,BLZ,,,,,,,,TOTAL,All Commodities,1,No Quantity,0,,,,0,,462000,,,0
H5,2019,2019,2019,0,0,2,Export,51,Armenia,ARM,100,Bulgaria,BGR,,,,,,,,TOTAL,All Commodities,1,No Quantity,0,,,,0,,207411351,,,0
H5,2019,2019,2019,0,0,2,Export,51,Armenia,ARM,112,Belarus,BLR,,,,,,,,TOTAL,All Commodities,1,No Quantity,0,,,,0,,17816295,,,4
H5,2019,2019,2019,0,0,2,Export,51,Armenia,ARM,124,Canada,CAN,,,,,,,,TOTAL,All Commodities,1,No Quantity,0,,,,0,,61194851,,,0
H5,2019,2019,2019,0,0,2,Export,51,Armenia,ARM,152,Chile,CHL,,,,,,,,TOTAL,All Commodities,1,No Quantity,0,,,,0,,3,,,0
H5,2019,2019,2019,0,0,2,Export,51,Armenia,ARM,156,China,CHN,,,,,,,,TOTAL,All Commodities,1,No Quantity,0,,,,0,,193681983,,,4
H5,2019,2019,2019,0,0,2,Export,51,Armenia,ARM,170,Colombia,COL,,,,,,,,TOTAL,All Commodities,1,No Quantity,0,,,,0,,19719,,,0
H5,2019,2019,2019,0,0,2,Export,51,Armenia,ARM,191,Croatia,HRV,,,,,,,,TOTAL,All Commodities,1,No Quantity,0,,,,0,,254751,,,0
H5,2019,2019,2019,0,0,2,Export,51,Armenia,ARM,196,Cyprus,CYP,,,,,,,,TOTAL,All Commodities,1,No Quantity,0,,,,0,,67032,,,0
H5,2019,2019,2019,0,0,2,Export,51,Armenia,ARM,203,Czechia,CZE,,,,,,,,TOTAL,All Commodities,1,No Quantity,0,,,,0,,3615865,,,0
H5,2019,2019,2019,0,0,2,Export,51,Armenia,ARM,208,Denmark,DNK,,,,,,,,TOTAL,All Commodities,1,No Quantity,0,,,,0,,912461,,,0
H5,2019,2019,2019,0,0,2,Export,51,Armenia,ARM,214,Dominican Rep.,DOM,,,,,,,,TOTAL,All Commodities,1,No Quantity,0,,,,0,,3298,,,0
H5,2019,2019,2019,0,0,2,Export,51,Armenia,ARM,233,Estonia,EST,,,,,,,,TOTAL,All Commodities,1,No Quantity,0,,,,0,,590703,,,0
H5,2019,2019,2019,0,0,2,Export,51,Armenia,ARM,246,Finland,FIN,,,,,,,,TOTAL,All Commodities,1,No Quantity,0,,,,0,,63686,,,0
H5,2019,2019,2019,0,0,2,Export,51,Armenia,ARM,251,France,FRA,,,,,,,,TOTAL,All Commodities,1,No Quantity,0,,,,0,,8720854,,,0
H5,2019,2019,2019,0,0,2,Export,51,Armenia,ARM,268,Georgia,GEO,,,,,,,,TOTAL,All Commodities,1,No Quantity,0,,,,0,,65503596,,,4
H5,2019,2019,2019,0,0,2,Export,51,Armenia,ARM,275,State of Palestine,PSE,,,,,,,,TOTAL,All Commodities,1,No Quantity,0,,,,0,,63388,,,0
H5,2019,2019,2019,0,0,2,Export,51,Armenia,ARM,276,Germany,DEU,,,,,,,,TOTAL,All Commodities,1,No Quantity,0,,,,0,,69522954,,,4
H5,2019,2019,2019,0,0,2,Export,51,Armenia,ARM,288,Ghana,GHA,,,,,,,,TOTAL,All Commodities,1,No Quantity,0,,,,0,,51376,,,0
H5,2019,2019,2019,0,0,2,Export,51,Armenia,ARM,300,Greece,GRC,,,,,,,,TOTAL,All Commodities,1,No Quantity,0,,,,0,,431927,,,0
H5,2019,2019,2019,0,0,2,Export,51,Armenia,ARM,344,"China, Hong Kong SAR",HKG,,,,,,,,TOTAL,All Commodities,1,No Quantity,0,,,,0,,4180200,,,0
H5,2019,2019,2019,0,0,2,Export,51,Armenia,ARM,348,Hungary,HUN,,,,,,,,TOTAL,All Commodities,1,No Quantity,0,,,,0,,905746,,,0
H5,2019,2019,2019,0,0,2,Export,51,Armenia,ARM,364,Iran,IRN,,,,,,,,TOTAL,All Commodities,1,No Quantity,0,,,,0,,83837020,,,0
H5,2019,2019,2019,0,0,2,Export,51,Armenia,ARM,368,Iraq,IRQ,,,,,,,,TOTAL,All Commodities,1,No Quantity,0,,,,0,,177271958,,,4
H5,2019,2019,2019,0,0,2,Export,51,Armenia,ARM,372,Ireland,IRL,,,,,,,,TOTAL,All Commodities,1,No Quantity,0,,,,0,,66878,,,0
H5,2019,2019,2019,0,0,2,Export,51,Armenia,ARM,376,Israel,ISR,,,,,,,,TOTAL,All Commodities,1,No Quantity,0,,,,0,,7255014,,,0
H5,2019,2019,2019,0,0,2,Export,51,Armenia,ARM,381,Italy,ITA,,,,,,,,TOTAL,All Commodities,1,No Quantity,0,,,,0,,59680328,,,0
H5,2019,2019,2019,0,0,2,Export,51,Armenia,ARM,384,CÃ´te d'Ivoire,CIV,,,,,,,,TOTAL,All Commodities,1,No Quantity,0,,,,0,,9,,,0
H5,2019,2019,2019,0,0,2,Export,51,Armenia,ARM,392,Japan,JPN,,,,,,,,TOTAL,All Commodities,1,No Quantity,0,,,,0,,1483117,,,4
H5,2019,2019,2019,0,0,2,Export,51,Armenia,ARM,398,Kazakhstan,KAZ,,,,,,,,TOTAL,All Commodities,1,No Quantity,0,,,,0,,5397382,,,0
H5,2019,2019,2019,0,0,2,Export,51,Armenia,ARM,400,Jordan,JOR,,,,,,,,TOTAL,All Commodities,1,No Quantity,0,,,,0,,760524,,,0
H5,2019,2019,2019,0,0,2,Export,51,Armenia,ARM,404,Kenya,KEN,,,,,,,,TOTAL,All Commodities,1,No Quantity,0,,,,0,,14670,,,0
H5,2019,2019,2019,0,0,2,Export,51,Armenia,ARM,410,Rep. of Korea,KOR,,,,,,,,TOTAL,All Commodities,1,No Quantity,0,,,,0,,512336,,,0
H5,2019,2019,2019,0,0,2,Export,51,Armenia,ARM,414,Kuwait,KWT,,,,,,,,TOTAL,All Commodities,1,No Quantity,0,,,,0,,632473,,,0
H5,2019,2019,2019,0,0,2,Export,51,Armenia,ARM,417,Kyrgyzstan,KGZ,,,,,,,,TOTAL,All Commodities,1,No Quantity,0,,,,0,,3152135,,,0
H5,2019,2019,2019,0,0,2,Export,51,Armenia,ARM,422,Lebanon,LBN,,,,,,,,TOTAL,All Commodities,1,No Quantity,0,,,,0,,503381,,,0
H5,2019,2019,2019,0,0,2,Export,51,Armenia,ARM,428,Latvia,LVA,,,,,,,,TOTAL,All Commodities,1,No Quantity,0,,,,0,,4391962,,,0
H5,2019,2019,2019,0,0,2,Export,51,Armenia,ARM,434,Libya,LBY,,,,,,,,TOTAL,All Commodities,1,No Quantity,0,,,,0,,909864,,,0
H5,2019,2019,2019,0,0,2,Export,51,Armenia,ARM,440,Lithuania,LTU,,,,,,,,TOTAL,All Commodities,1,No Quantity,0,,,,0,,3278765,,,0
H5,2019,2019,2019,0,0,2,Export,51,Armenia,ARM,442,Luxembourg,LUX,,,,,,,,TOTAL,All Commodities,1,No Quantity,0,,,,0,,1004375,,,0
H5,2019,2019,2019,0,0,2,Export,51,Armenia,ARM,458,Malaysia,MYS,,,,,,,,TOTAL,All Commodities,1,No Quantity,0,,,,0,,426291,,,0
H5,2019,2019,2019,0,0,2,Export,51,Armenia,ARM,470,Malta,MLT,,,,,,,,TOTAL,All Commodities,1,No Quantity,0,,,,0,,20113,,,0
H5,2019,2019,2019,0,0,2,Export,51,Armenia,ARM,484,Mexico,MEX,,,,,,,,TOTAL,All Commodities,1,No Quantity,0,,,,0,,425192,,,0
H5,2019,2019,2019,0,0,2,Export,51,Armenia,ARM,496,Mongolia,MNG,,,,,,,,TOTAL,All Commodities,1,No Quantity,0,,,,0,,1000782,,,0
H5,2019,2019,2019,0,0,2,Export,51,Armenia,ARM,498,Rep. of Moldova,MDA,,,,,,,,TOTAL,All Commodities,1,No Quantity,0,,,,0,,2343560,,,0
H5,2019,2019,2019,0,0,2,Export,51,Armenia,ARM,504,Morocco,MAR,,,,,,,,TOTAL,All Commodities,1,No Quantity,0,,,,0,,18500,,,0
H5,2019,2019,2019,0,0,2,Export,51,Armenia,ARM,512,Oman,OMN,,,,,,,,TOTAL,All Commodities,1,No Quantity,0,,,,0,,4156564,,,0
H5,2019,2019,2019,0,0,2,Export,51,Armenia,ARM,528,Netherlands,NLD,,,,,,,,TOTAL,All Commodities,1,No Quantity,0,,,,0,,153832442,,,4
H5,2019,2019,2019,0,0,2,Export,51,Armenia,ARM,554,New Zealand,NZL,,,,,,,,TOTAL,All Commodities,1,No Quantity,0,,,,0,,18693,,,0
H5,2019,2019,2019,0,0,2,Export,51,Armenia,ARM,566,Nigeria,NGA,,,,,,,,TOTAL,All Commodities,1,No Quantity,0,,,,0,,3202,,,0
H5,2019,2019,2019,0,0,2,Export,51,Armenia,ARM,579,Norway,NOR,,,,,,,,TOTAL,All Commodities,1,No Quantity,0,,,,0,,10894,,,0
H5,2019,2019,2019,0,0,2,Export,51,Armenia,ARM,586,Pakistan,PAK,,,,,,,,TOTAL,All Commodities,1,No Quantity,0,,,,0,,487700,,,0
H5,2019,2019,2019,0,0,2,Export,51,Armenia,ARM,604,Peru,PER,,,,,,,,TOTAL,All Commodities,1,No Quantity,0,,,,0,,66375,,,0
H5,2019,2019,2019,0,0,2,Export,51,Armenia,ARM,608,Philippines,PHL,,,,,,,,TOTAL,All Commodities,1,No Quantity,0,,,,0,,7185,,,0
H5,2019,2019,2019,0,0,2,Export,51,Armenia,ARM,616,Poland,POL,,,,,,,,TOTAL,All Commodities,1,No Quantity,0,,,,0,,13092538,,,0
H5,2019,2019,2019,0,0,2,Export,51,Armenia,ARM,620,Portugal,PRT,,,,,,,,TOTAL,All Commodities,1,No Quantity,0,,,,0,,418285,,,0
H5,2019,2019,2019,0,0,2,Export,51,Armenia,ARM,634,Qatar,QAT,,,,,,,,TOTAL,All Commodities,1,No Quantity,0,,,,0,,1640056,,,0
H5,2019,2019,2019,0,0,2,Export,51,Armenia,ARM,642,Romania,ROU,,,,,,,,TOTAL,All Commodities,1,No Quantity,0,,,,0,,97835,,,0
H5,2019,2019,2019,0,0,2,Export,51,Armenia,ARM,643,Russian Federation,RUS,,,,,,,,TOTAL,All Commodities,1,No Quantity,0,,,,0,,719718895,,,4
H5,2019,2019,2019,0,0,2,Export,51,Armenia,ARM,682,Saudi Arabia,SAU,,,,,,,,TOTAL,All Commodities,1,No Quantity,0,,,,0,,1568288,,,0
H5,2019,2019,2019,0,0,2,Export,51,Armenia,ARM,688,Serbia,SRB,,,,,,,,TOTAL,All Commodities,1,No Quantity,0,,,,0,,36013,,,0
H5,2019,2019,2019,0,0,2,Export,51,Armenia,ARM,690,Seychelles,SYC,,,,,,,,TOTAL,All Commodities,1,No Quantity,0,,,,0,,20160,,,0
H5,2019,2019,2019,0,0,2,Export,51,Armenia,ARM,699,India,IND,,,,,,,,TOTAL,All Commodities,1,No Quantity,0,,,,0,,3476072,,,0
H5,2019,2019,2019,0,0,2,Export,51,Armenia,ARM,702,Singapore,SGP,,,,,,,,TOTAL,All Commodities,1,No Quantity,0,,,,0,,1115155,,,0
H5,2019,2019,2019,0,0,2,Export,51,Armenia,ARM,703,Slovakia,SVK,,,,,,,,TOTAL,All Commodities,1,No Quantity,0,,,,0,,398819,,,0
H5,2019,2019,2019,0,0,2,Export,51,Armenia,ARM,704,Viet Nam,VNM,,,,,,,,TOTAL,All Commodities,1,No Quantity,0,,,,0,,600911,,,0
H5,2019,2019,2019,0,0,2,Export,51,Armenia,ARM,705,Slovenia,SVN,,,,,,,,TOTAL,All Commodities,1,No Quantity,0,,,,0,,40356,,,0
H5,2019,2019,2019,0,0,2,Export,51,Armenia,ARM,710,South Africa,ZAF,,,,,,,,TOTAL,All Commodities,1,No Quantity,0,,,,0,,17057,,,4
H5,2019,2019,2019,0,0,2,Export,51,Armenia,ARM,724,Spain,ESP,,,,,,,,TOTAL,All Commodities,1,No Quantity,0,,,,0,,613446,,,0
H5,2019,2019,2019,0,0,2,Export,51,Armenia,ARM,729,Sudan,SDN,,,,,,,,TOTAL,All Commodities,1,No Quantity,0,,,,0,,94500,,,0
H5,2019,2019,2019,0,0,2,Export,51,Armenia,ARM,752,Sweden,SWE,,,,,,,,TOTAL,All Commodities,1,No Quantity,0,,,,0,,939195,,,0
H5,2019,2019,2019,0,0,2,Export,51,Armenia,ARM,757,Switzerland,CHE,,,,,,,,TOTAL,All Commodities,1,No Quantity,0,,,,0,,457816241,,,4
H5,2019,2019,2019,0,0,2,Export,51,Armenia,ARM,760,Syria,SYR,,,,,,,,TOTAL,All Commodities,1,No Quantity,0,,,,0,,56644437,,,0
H5,2019,2019,2019,0,0,2,Export,51,Armenia,ARM,762,Tajikistan,TJK,,,,,,,,TOTAL,All Commodities,1,No Quantity,0,,,,0,,1713587,,,4
H5,2019,2019,2019,0,0,2,Export,51,Armenia,ARM,764,Thailand,THA,,,,,,,,TOTAL,All Commodities,1,No Quantity,0,,,,0,,905621,,,0
H5,2019,2019,2019,0,0,2,Export,51,Armenia,ARM,784,United Arab Emirates,ARE,,,,,,,,TOTAL,All Commodities,1,No Quantity,0,,,,0,,57053784,,,0
H5,2019,2019,2019,0,0,2,Export,51,Armenia,ARM,792,Turkey,TUR,,,,,,,,TOTAL,All Commodities,1,No Quantity,0,,,,0,,2193273,,,0
H5,2019,2019,2019,0,0,2,Export,51,Armenia,ARM,795,Turkmenistan,TKM,,,,,,,,TOTAL,All Commodities,1,No Quantity,0,,,,0,,5106902,,,0
H5,2019,2019,2019,0,0,2,Export,51,Armenia,ARM,804,Ukraine,UKR,,,,,,,,TOTAL,All Commodities,1,No Quantity,0,,,,0,,24571291,,,4
H5,2019,2019,2019,0,0,2,Export,51,Armenia,ARM,818,Egypt,EGY,,,,,,,,TOTAL,All Commodities,1,No Quantity,0,,,,0,,10915,,,0
H5,2019,2019,2019,0,0,2,Export,51,Armenia,ARM,826,United Kingdom,GBR,,,,,,,,TOTAL,All Commodities,1,No Quantity,0,,,,0,,4449118,,,0
H5,2019,2019,2019,0,0,2,Export,51,Armenia,ARM,834,United Rep. of Tanzania,TZA,,,,,,,,TOTAL,All Commodities,1,No Quantity,0,,,,0,,43873,,,0
H5,2019,2019,2019,0,0,2,Export,51,Armenia,ARM,842,USA,USA,,,,,,,,TOTAL,All Commodities,1,No Quantity,0,,,,0,,53444571,,,4
H5,2019,2019,2019,0,0,2,Export,51,Armenia,ARM,858,Uruguay,URY,,,,,,,,TOTAL,All Commodities,1,No Quantity,0,,,,0,,20250,,,0
H5,2019,2019,2019,0,0,2,Export,51,Armenia,ARM,860,Uzbekistan,UZB,,,,,,,,TOTAL,All Commodities,1,No Quantity,0,,,,0,,2679021,,,4
H5,2019,2019,2019,0,0,2,Export,51,Armenia,ARM,887,Yemen,YEM,,,,,,,,TOTAL,All Commodities,1,No Quantity,0,,,,0,,242176,,,0
H5,2019,2019,2019,0,0,2,Export,51,Armenia,ARM,899,"Areas, nes",,,,,,,,,TOTAL,All Commodities,1,No Quantity,0,,,,0,,9725808,,,0
